SG_UF_IES,NO_MUNICIPIO_IES,CO_MUNICIPIO,TP_REDE,CO_IES,NO_IES,SG_IES,QT_DOC_TOTAL,QT_DOC_EXE,QT_DOC_EX_DOUT,QT_DOC_EX_PRETA
CE,Fortaleza,2304400,pública,29,UNIVERSIDADE ESTADUAL DO CEARÁ,UECE,1192,1138,785,16
CE,Sobral,2312908,pública,95,UNIVERSIDADE ESTADUAL VALE DO ACARAÚ,UVA,537,508,233,33
CE,Fortaleza,2304400,privada,555,UNIVERSIDADE DE FORTALEZA,UNIFOR,960,960,461,13
CE,Fortaleza,2304400,pública,583,UNIVERSIDADE FEDERAL DO CEARÁ,UFC,2384,2332,2001,76
CE,Crato,2304202,pública,746,UNIVERSIDADE REGIONAL DO CARIRI,URCA,574,552,257,10
CE,Fortaleza,2304400,privada,1059,Faculdade Multiversa de Fortaleza,,14,14,2,0
CE,Fortaleza,2304400,privada,1107,Centro Universitário Estácio do Ceará,Estácio Ceará,564,564,135,12
CE,Fortaleza,2304400,privada,1191,INSTITUTO DE ENSINO SUPERIOR DE FORTALEZA,IESF,13,12,2,0
CE,Aracati,2301109,privada,1350,Centro Universitário Multiversa do Jaguaribe- UNIJAGUARIBE,UNIJAGUARIBE,92,90,9,3
CE,Fortaleza,2304400,privada,1425,Faculdade Evoluir,FAEV,21,20,5,0
CE,Juazeiro do Norte,2307304,privada,1547,FACULDADE DE MEDICINA ESTÁCIO DE JUAZEIRO DO NORTE,ESTÁCIO FMJ,127,127,48,3
CE,Fortaleza,2304400,privada,1556,CENTRO UNIVERSITÁRIO SETE DE SETEMBRO,UNI7,128,128,43,0
CE,Fortaleza,2304400,privada,1647,FACULDADE DE ENSINO E CULTURA DO CEARÁ,FAECE,70,62,13,0
CE,Fortaleza,2304400,privada,1658,CENTRO UNIVERSITÁRIO DA GRANDE FORTALEZA,UNIGRANDE,80,80,12,2
CE,Juazeiro do Norte,2307304,privada,1735,CENTRO UNIVERSITÁRIO DOUTOR LEÃO SAMPAIO,UNILEÃO,228,228,61,14
CE,Fortaleza,2304400,privada,1772,Centro Universitário Fanor Wyden,UniFanor Wyden,164,164,55,6
CE,Fortaleza,2304400,pública,1807,"INSTITUTO FEDERAL DE EDUCAÇÃO, CIÊNCIA E TECNOLOGIA DO CEARÁ",IFCE,1772,1772,673,51
CE,Fortaleza,2304400,privada,1819,CENTRO UNIVERSITÁRIO FARIAS BRITO,,133,133,31,1
CE,Fortaleza,2304400,privada,1895,CENTRO UNIVERSITÁRIO CHRISTUS,UNICHRISTUS,502,502,297,4
CE,Fortaleza,2304400,privada,1978,Centro Universitário Fametro,Unifametro,135,135,71,4
CE,Icó,2305407,privada,2043,CENTRO UNIVERSITÁRIO VALE DO SALGADO,,163,138,43,6
CE,Sobral,2312908,privada,2111,CENTRO UNIVERSITÁRIO INTA,UNINTA,467,440,164,10
CE,Quixadá,2311306,privada,2135,CENTRO UNIVERSITÁRIO CATÓLICA DE QUIXADÁ,UNICATÓLICA,118,118,18,0
CE,Fortaleza,2304400,privada,2180,RATIO - FACULDADE TEOLÓGICA E FILOSÓFICA,RATIO,26,26,2,0
CE,Fortaleza,2304400,privada,2240,FACULDADE DE FORTALEZA,FAFOR,16,13,2,0
CE,Fortaleza,2304400,privada,2410,Centro Universitário Cearense,Unic,63,63,4,1
CE,Tianguá,2313401,privada,2466,FACUDADE IEDUCARE - FIED,FIED,85,81,28,0
CE,Fortaleza,2304400,privada,2485,FACULDADE CATÓLICA DE FORTALEZA,FCF,29,28,13,1
CE,Fortaleza,2304400,privada,2497,CENTRO UNIVERSITÁRIO ATENEU,,276,267,85,8
CE,Juazeiro do Norte,2307304,privada,2593,CENTRO UNIVERSITÁRIO MAURÍCIO DE NASSAU DE JUAZEIRO DO NORTE,UNINASSAU,135,135,15,2
CE,Juazeiro do Norte,2307304,privada,3388,CENTRO UNIVERSITÁRIO PARAÍSO,,106,91,18,5
CE,Fortaleza,2304400,privada,3680,FACULDADE UNINTA FORTALEZA - Gestão e Negócios,,11,11,4,0
CE,Sobral,2312908,privada,3862,FACULDADE LUCIANO FEIJÃO,FLF,139,136,44,5
CE,Fortaleza,2304400,privada,4037,CENTRO UNIVERSITÁRIO ANHANGUERA DE FORTALEZA,UNIPITÁGORAS,74,74,47,2
CE,Caucaia,2303709,privada,4367,FACULDADE TERRA NORDESTE,FATENE,92,92,22,2
CE,Fortaleza,2304400,privada,4784,FACULDADE CDL,,42,40,5,0
CE,Juazeiro do Norte,2307304,privada,4791,FACULDADE DE TECNOLOGIA CENTEC - CARIRI,CENTEC,19,19,5,0
CE,Quixeramobim,2311405,privada,4992,FACULDADE DE TECNOLOGIA CENTEC - SERTÃO CENTRAL,FTC SERTÃO CENTRAL,17,17,6,0
CE,Fortaleza,2304400,privada,13106,Faculdade Multiversa de Tecnologia,,9,9,2,0
CE,Crateús,2304103,privada,13417,FACULDADE PRINCESA DO OESTE,FPO,62,55,4,4
CE,Fortaleza,2304400,privada,14321,CENTRO UNIVERSITÁRIO MAURÍCIO DE NASSAU DE FORTALEZA,UNINASSAU FORTALEZA,245,245,66,2
CE,Redenção,2311603,pública,15497,UNIVERSIDADE DA INTEGRAÇÃO INTERNACIONAL DA LUSOFONIA AFRO-BRASILEIRA,UNILAB,408,384,364,72
CE,Fortaleza,2304400,privada,15526,FACULDADE UNIRB CEARÁ,F.CEARÁ,23,23,8,0
CE,Crato,2304202,privada,15562,Faculdade Batista do Cariri,FBC,12,12,2,0
CE,Iguatu,2305506,privada,16559,FACULDADE SÃO FRANCISCO DO CEARÁ,FASC,34,34,2,2
CE,Sobral,2312908,privada,17394,FACULDADE 05 DE JULHO,F5,81,77,24,1
CE,Fortaleza,2304400,privada,17403,FACULDADE ARI DE SÁ,FAS,56,55,16,0
CE,Limoeiro do Norte,2307601,privada,17499,FACULDADE VIDAL,FAVILI,59,59,5,1
CE,Baturité,2302107,privada,17628,Faculdade do Maciço do Baturité,FMB,107,107,9,1
CE,Quixeramobim,2311405,privada,17670,Faculdade de Quixeramobim,UniQ,28,28,2,0
CE,Fortaleza,2304400,privada,17688,FACULDADE FADAM,FADAM,16,7,0,0
CE,Fortaleza,2304400,privada,18051,Faculdades de Ciências e Tecnologia do Nordeste LTDA,FACINE,41,41,5,0
CE,Fortaleza,2304400,privada,18478,Faculdade Paulo Picanço,FACPP,49,49,19,0
CE,Maracanaú,2307650,privada,18643,FACULDADE UNINASSAU MARACANAÚ,,64,64,15,0
CE,Sobral,2312908,privada,18646,FACULDADE DE SOBRAL,FASOL,6,6,0,0
CE,Fortaleza,2304400,privada,18659,FACULDADE ANHANGUERA DO CEARÁ,,35,35,33,1
CE,Juazeiro do Norte,2307304,pública,18759,UNIVERSIDADE FEDERAL DO CARIRI,UFCA,423,389,275,17
CE,Tianguá,2313401,privada,18814,Faculdade Ibiapaba,,71,68,3,1
CE,Fortaleza,2304400,privada,19171,Faculdade de Teologia Fortaleza - FATEFOR,FATEFOR,21,21,3,1
CE,Iguatu,2305506,privada,19173,FACULDADES INTEGRADAS DO CEARÁ - UniFIC,FACULDADE UniFIC,48,45,7,2
CE,Fortaleza,2304400,privada,19206,FACULDADE UNIRB - FORTALEZA,F. UNIRB,8,8,1,0
CE,Maracanaú,2307650,privada,19337,FACULDADE UNIFAMETRO MARACANAÚ,,44,41,27,1
CE,Tianguá,2313401,privada,19597,Faculdade Via Sapiens,FVS,135,101,9,5
CE,Fortaleza,2304400,privada,19793,FACULDADE FADAM DE MARACANAÚ,FADAM,52,23,4,1
CE,Sobral,2312908,privada,19844,FACULDADE UNINASSAU SOBRAL,,22,22,0,0
CE,Cascavel,2303501,privada,19859,FACULDADE UNIFAMETRO CASCAVEL,,9,9,1,1
CE,Crateús,2304103,privada,20070,Faculdade Primeiro de Janeiro,FPJ,11,11,1,0
CE,Horizonte,2305233,privada,20532,Faculdade Metropolitana de Horizonte,FMH,55,55,3,4
CE,Tianguá,2313401,privada,20548,FACULDADE UNINTA TIANGUA,,41,40,15,0
CE,Milhã,2308351,privada,20615,Faculdade do Sertão Central,FASEC,25,25,2,0
CE,Fortaleza,2304400,privada,21088,FACULDADE RODOLFO TEÓFILO,FRT,41,41,19,0
CE,Alto Santo,2300705,privada,21262,FACULDADE REGIONAL JAGUARIBANA,FRJ,26,26,0,2
CE,Pacajus,2309607,privada,21463,FACULDADE DE ENSINO PORTAL,FEP,7,7,1,0
CE,Fortaleza,2304400,privada,21593,Faculdade Plus,PLUS,24,24,2,0
CE,Maracanaú,2307650,privada,21716,FACULDADE CESMA DE MARACANAÚ,FACESMA,15,14,3,0
CE,Croatá,2304236,privada,21847,FACULDADE M-EDUCAR,FAMED,11,11,0,2
CE,Fortaleza,2304400,privada,21906,Faculdade Metropolitana do Ceará,FAMEC,8,8,2,0
CE,Eusébio,2304285,privada,22325,Faculdade Christus,Christus Eusébio,42,42,23,2
CE,Fortaleza,2304400,privada,22329,FACULDADE UNINTA FORTALEZA,,44,44,22,0
CE,Juazeiro do Norte,2307304,privada,22599,FACULDADE CECAPE,,39,39,13,0
CE,Quixeramobim,2311405,privada,22710,FACULDADE PITÁGORAS UNOPAR DE QUIXERAMOBIM,,17,17,12,2
CE,Canindé,2302800,privada,22715,FACULDADE PITÁGORAS UNOPAR DE CANINDÉ,,18,18,12,1
CE,Milhã,2308351,privada,22911,Faculdade  do Sertão Central  EAD,FASEC EAD,17,17,2,1
CE,Crato,2304202,privada,22932,FACULDADE METROPOLITANA DO CARIRI,FAMEC,12,12,0,3
CE,Itapipoca,2306405,privada,22999,Faculdade de Tecnologia e Ciências - FTC Itapipoca,FTC Itapipoca,4,0,0,0
CE,Caucaia,2303709,privada,23000,Faculdade de Tecnologia e Ciências - FTC Caucaia,FTC Caucaia,4,0,0,0
CE,Tianguá,2313401,privada,23023,FACULDADE TECNOLOGICA ANTHROPOS,FATAN,4,4,0,2
CE,Juazeiro do Norte,2307304,privada,23100,FACULDADE ANHANGUERA DE JUAZEIRO DO NORTE,,23,23,14,1
CE,Sobral,2312908,privada,23102,FACULDADE ANHANGUERA DE SOBRAL,,13,13,1,1
CE,Quixadá,2311306,privada,23107,Faculdade Dom Adelio Tomasin,FADAT,43,41,4,3
CE,Fortaleza,2304400,privada,23117,Faculdades FAMEP Unidade Fortaleza  CE,FAMEP,7,7,3,1
CE,Fortaleza,2304400,privada,23218,Faculdade Paraíso Fortaleza,FAP,10,7,2,0
CE,Fortaleza,2304400,privada,23842,FACULDADE SENAC CEARA,SENACCE,13,13,0,0
CE,Crato,2304202,privada,23908,FACULDADE SÃO FRANCISCO DO CEARÁ - CRATO,FASC,7,7,0,0
CE,Camocim,2302602,privada,24381,FACULDADE GEORGINA,FAGEO,14,14,0,1
CE,Ipu,2305803,privada,24391,Faculdade de Educação da Ibiapaba,FAEDI,50,46,3,0
CE,Guaiúba,2304954,privada,24399,Faculdade Escola Sobral de Oliveira,FAESDO,8,8,3,1
CE,Iguatu,2305506,privada,24410,Faculdade Centro Sul,,14,14,1,0
CE,Canindé,2302800,privada,24509,FACULDADE ESTÁCIO DE CANINDÉ,ESTÁCIO CANINDÉ,21,21,16,0
CE,Fortaleza,2304400,privada,25334,Faculdade Cidade Teológica Pentecostal,FCTP,9,9,0,2
CE,Parambu,2310308,privada,25365,Faculdade FAMEP - Unidade Parambu - CE,FAMEP,11,4,0,1
